Year,Jan_Temperature_C,Jan_Rainfall,Feb_Temperature_C,Feb_Rainfall,Mar_Temperature_C,Mar_Rainfall,Apr_Temperature_C,Apr_Rainfall,May_Temperature_C,May_Rainfall,Jun_Temperature_C,Jun_Rainfall,Jul_Temperature_C,Jul_Rainfall,Aug_Temperature_C,Aug_Rainfall,Sep_Temperature_C,Sep_Rainfall,Oct_Temperature_C,Oct_Rainfall,Nov_Temperature_C,Nov_Rainfall,Dec_Temperature_C,Dec_Rainfall,Winter_Jan_Feb_Temperature_C,Winter_Jan_Feb_Rainfall,PreMonsoon_Mar_May_Temperature_C,PreMonsoon_Mar_May_Rainfall,Monsoon_Jun_Sep_Temperature_C,Monsoon_Jun_Sep_Rainfall,PostMonsoon_Oct_Dec_Temperature_C,PostMonsoon_Oct_Dec_Rainfall,Annual_Temperature_C,Annual_Rainfall
2001,18.0,625,20.7,408,24.7,634,28.1,456,30.4,58,28.8,670,27.5,604,27.3,196,27.2,13,25.8,768,22.5,249,19.1,961,19.4,17,27.7,716,27.7,377,22.5,326,25.0,501
2002,18.0,668,20.5,70,25.0,371,28.5,437,30.5,830,29.4,811,28.1,895,27.4,201,26.9,258,25.7,823,22.3,660,19.4,116,19.2,869,28.0,546,28.0,46,22.5,199,25.1,876
2003,17.8,9,20.6,571,24.7,423,28.4,882,30.3,115,29.7,28,27.6,963,27.2,896,26.9,879,25.3,451,22.1,761,19.0,660,19.2,290,27.8,473,27.9,201,22.1,958,25.0,169
2004,17.8,867,20.6,908,25.8,863,28.5,763,30.0,409,29.1,198,27.8,861,27.1,771,27.2,142,24.9,828,22.2,705,19.2,536,19.2,887,28.1,678,27.8,470,22.1,690,25.0,766
2005,18.0,640,20.5,714,24.8,885,27.9,33,30.0,307,30.1,269,27.7,41,27.3,910,27.1,942,25.3,522,21.8,687,18.7,312,19.3,177,27.6,75,28.1,3,21.9,840,24.9,799
2006,18.3,248,21.8,260,24.5,87,28.1,715,30.3,112,29.2,36,27.9,751,27.1,344,26.9,626,25.8,49,22.4,242,19.2,653,20.0,754,27.6,638,27.8,145,22.4,982,25.1,537
2007,18.2,991,20.6,912,24.3,229,28.6,665,30.4,668,29.4,10,27.9,624,27.4,335,27.0,388,25.4,711,22.4,741,19.0,778,19.4,952,27.8,187,27.9,535,22.3,410,25.1,29
2008,17.8,505,19.6,809,25.1,156,27.9,736,30.1,482,28.6,796,27.8,309,27.1,109,26.9,330,25.9,36,22.4,457,20.0,275,18.7,657,27.7,458,27.6,358,22.7,878,24.9,727
2009,18.9,432,21.6,10,25.1,600,28.6,361,30.4,640,30.2,346,28.1,943,27.8,527,27.4,927,25.6,534,22.2,430,19.3,949,20.2,721,28.0,867,28.4,436,22.4,304,25.4,891
2010,18.0,691,21.0,871,26.2,300,29.5,928,30.9,589,29.8,508,28.0,281,27.4,948,26.9,231,26.0,405,22.8,694,18.6,747,19.5,781,28.9,272,28.0,709,22.5,282,25.4,804
2011,17.3,511,20.6,986,24.8,257,27.6,133,30.5,144,29.3,510,27.9,115,27.2,234,26.8,958,25.8,630,22.6,257,19.0,776,19.0,113,27.6,299,27.8,454,22.5,221,24.9,695
2012,17.4,972,20.1,722,24.4,890,28.2,178,30.5,943,30.2,876,28.1,78,27.0,871,26.8,250,25.2,363,21.8,690,19.2,462,18.8,347,27.7,438,28.0,769,22.1,172,24.9,473
2013,17.9,398,20.7,939,24.8,891,28.0,778,30.8,888,29.1,89,27.6,233,27.0,838,27.3,465,25.7,179,21.8,325,18.8,874,19.3,668,27.9,277,27.7,906,22.1,459,24.9,930
2014,18.0,975,19.9,380,23.8,917,28.2,547,30.0,59,30.6,739,28.3,767,27.6,581,27.0,220,25.9,676,22.5,918,18.6,218,19.0,178,27.3,602,28.4,327,22.3,937,25.0,679
2015,17.9,858,21.2,186,24.0,652,27.6,559,30.6,943,29.3,0,28.3,823,27.6,763,27.6,759,26.4,847,23.0,356,19.4,948,19.6,22,27.4,475,28.2,586,23.0,50,25.2,810
2016,18.8,581,21.9,876,25.7,622,29.4,831,30.6,623,30.0,489,27.7,954,27.5,311,27.2,824,25.9,806,22.3,218,19.8,519,20.4,229,28.6,359,28.1,645,22.7,181,25.6,305
2017,18.4,447,21.5,453,24.6,965,29.1,154,30.8,486,29.5,501,27.8,896,27.6,331,27.6,852,26.5,229,22.2,764,19.4,577,19.9,950,28.2,201,28.1,895,22.7,523,25.4,721
2018,18.3,288,21.4,452,25.5,966,28.5,847,30.5,347,29.8,662,27.8,978,27.3,493,27.1,646,25.8,406,22.6,524,18.6,815,19.8,870,28.2,387,28.0,695,22.3,915,25.3,285
2019,17.9,152,20.5,199,24.3,576,28.9,504,30.6,512,30.7,165,28.4,163,27.5,964,27.2,329,25.5,310,22.8,16,18.5,412,19.2,176,27.9,864,28.4,905,22.2,913,25.2,692
2020,17.8,991,20.5,327,24.0,553,28.0,259,30.1,196,29.1,555,28.4,407,27.6,847,27.7,708,26.4,147,22.1,740,19.2,556,19.2,159,27.4,3,28.2,629,22.6,148,25.1,274
2021,18.7,399,21.3,393,25.7,727,28.4,454,29.2,635,29.0,389,28.3,630,27.7,521,27.4,259,26.2,37,22.3,1,19.0,719,20.0,396,27.8,272,28.1,450,22.5,252,25.3,97
2022,17.8,514,20.1,696,26.2,737,29.7,300,30.4,304,29.9,451,27.9,132,27.5,964,27.4,371,25.5,420,22.3,108,19.9,536,19.0,105,28.8,114,28.2,229,22.6,21,25.4,295
2023,18.2,580,21.9,6,24.6,432,27.8,429,29.3,957,30.1,488,28.1,433,28.0,53,27.9,340,26.2,356,23.1,552,19.9,438,20.0,793,27.2,939,28.5,579,23.1,115,25.4,672
